Feature ID	Taxon	Confidence
#q2:types	categorical	categorical
5f2bcbed298ca6cfdbdce9a1ac0188cb	k__Bacteria; p__Proteobacteria; c__Gammaproteobacteria; o__Enterobacteriales; f__Enterobacteriaceae	0.9999991336594941
63cc69c3fd4d13da3fda59a6cc760663	k__Bacteria; p__Bacteroidetes; c__Bacteroidia; o__Bacteroidales; f__Bacteroidaceae; g__Bacteroides; s__	0.9998979994113644
de4cef96f9618c79e7a69449fb225021	k__Bacteria; p__Firmicutes; c__Clostridia; o__Clostridiales; f__Lachnospiraceae; g__Roseburia; s__faecis	0.7640649751722873
74f9b4fbdc172d91d2fd775ce55a4cd1	k__Bacteria; p__Firmicutes; c__Clostridia; o__Clostridiales; f__Ruminococcaceae; g__Faecalibacterium; s__prausnitzii	0.9904236609419839
3336952299a06f2ff9b7dade24ad66b3	k__Bacteria; p__Firmicutes; c__Clostridia; o__Clostridiales; f__Ruminococcaceae; g__Faecalibacterium; s__prausnitzii	0.9952540263795446
5c28d71cd5c62ec257673af72ca68e38	k__Bacteria; p__Bacteroidetes; c__Bacteroidia; o__Bacteroidales; f__Bacteroidaceae; g__Bacteroides	0.9999999995176361
d14c5104e2b7aae46107c03d432d5e74	k__Bacteria; p__Bacteroidetes; c__Bacteroidia; o__Bacteroidales; f__Bacteroidaceae; g__Bacteroides; s__uniformis	0.9990355704069713
da85074faa22dc6cbccf422b893a71c4	k__Bacteria; p__Bacteroidetes; c__Bacteroidia; o__Bacteroidales; f__Bacteroidaceae; g__Bacteroides; s__caccae	0.988464997698336
96c0c1410e1916c5ea875637f554b232	k__Bacteria; p__Firmicutes; c__Clostridia; o__Clostridiales; f__Ruminococcaceae; g__Ruminococcus; s__bromii	0.9996615693375975
a66f6988ac6f92c50f10b3c4d7bb5d2a	k__Bacteria; p__Firmicutes; c__Clostridia; o__Clostridiales; f__Ruminococcaceae; g__; s__	0.9666491360547803
25422d2642ac3f3a2da5e0294184c533	k__Bacteria; p__Bacteroidetes; c__Bacteroidia; o__Bacteroidales; f__Bacteroidaceae; g__Bacteroides; s__fragilis	0.9983925587864357
d6c8977fbb15aeabfa3e7d02954bebc4	k__Bacteria; p__Proteobacteria; c__Gammaproteobacteria; o__Enterobacteriales; f__Enterobacteriaceae	0.9999999017800403
7a4b6f61c56e5aca0e1f40b0331c7e4c	k__Bacteria; p__Proteobacteria; c__Gammaproteobacteria; o__Enterobacteriales; f__Enterobacteriaceae	0.9999997995609278
ab9c04d4664729d374c14934dfc9594b	k__Bacteria; p__Bacteroidetes; c__Bacteroidia; o__Bacteroidales; f__Rikenellaceae; g__Alistipes; s__putredinis	0.9815464684999401
a6c8b108f7a6e70b80d12beea9637110	k__Bacteria; p__Verrucomicrobia; c__Verrucomicrobiae; o__Verrucomicrobiales; f__Verrucomicrobiaceae; g__Akkermansia; s__muciniphila	0.9999999999990479
f7fffe666b6e28c6b8458b84f48a4d70	k__Bacteria; p__Bacteroidetes; c__Bacteroidia; o__Bacteroidales; f__Bacteroidaceae; g__Bacteroides; s__plebeius	0.9999998374161824
6a95deef830d09eb0feb059f6e32e720	k__Bacteria; p__Bacteroidetes; c__Bacteroidia; o__Bacteroidales; f__Porphyromonadaceae; g__Parabacteroides; s__distasonis	0.9998599057759032
46389ee166ccd0ac236d93e2bc18d11c	k__Bacteria; p__Proteobacteria; c__Gammaproteobacteria; o__Enterobacteriales; f__Enterobacteriaceae	0.999999961759771
a28eafc57baa9aa7adb7c5c048123b8e	k__Bacteria; p__Bacteroidetes; c__Bacteroidia; o__Bacteroidales; f__Porphyromonadaceae; g__Parabacteroides; s__	0.9997924624411965
8d696eb7c4d5129122b9d07dd20741a2	k__Bacteria; p__Actinobacteria; c__Actinobacteria; o__Bifidobacteriales; f__Bifidobacteriaceae; g__Bifidobacterium	0.9999698583333158
89ad52e6efa3b9a7f2ad62efb30483b3	k__Bacteria; p__Bacteroidetes; c__Bacteroidia; o__Bacteroidales; f__Prevotellaceae; g__Prevotella; s__copri	0.9999960149661398
5d350443aeff292be79f73282b632ea6	k__Bacteria; p__Firmicutes; c__Clostridia; o__Clostridiales; f__; g__; s__	0.9996859651083405
98d897743368a2146bff2a8cf5c23235	k__Bacteria; p__Firmicutes; c__Clostridia; o__Clostridiales; f__Lachnospiraceae; g__Dorea; s__longicatena	0.7814823145596554
4d6ac27a2a673f9b1061b7c40d2ace20	k__Bacteria; p__Bacteroidetes; c__Bacteroidia; o__Bacteroidales; f__[Barnesiellaceae]	0.9999999941977864
a6a2bd2f5c2d903dcd825dd9a517a2be	k__Bacteria; p__Firmicutes; c__Clostridia; o__Clostridiales; f__Veillonellaceae; g__Dialister; s__	0.9999999967195379
940f88c9a2fa851cf74204df69270141	k__Bacteria; p__Firmicutes; c__Clostridia; o__Clostridiales; f__; g__; s__	0.999835890637912
34a03a096388427633126f8456fa5900	k__Bacteria; p__Firmicutes; c__Bacilli; o__Bacillales	0.9999844246416758
5572ee4e7d68532acdf9fef25b287525	k__Bacteria; p__Firmicutes; c__Clostridia; o__Clostridiales; f__Clostridiaceae; g__; s__	0.9964895321368927
d24e63015dab5e80f165040052a278e1	k__Bacteria; p__Firmicutes; c__Clostridia; o__Clostridiales	0.9999999976776823
8f464b3d12c8d25780ebfac3a7bb6a60	k__Bacteria; p__Firmicutes; c__Clostridia; o__Clostridiales; f__Ruminococcaceae; g__Gemmiger; s__formicilis	0.9218456240067495
63bdce6a5986dc9e2a0539f90a689e89	k__Bacteria; p__Firmicutes; c__Clostridia; o__Clostridiales; f__Veillonellaceae; g__Phascolarctobacterium; s__	0.999999701890518
c2d2ca9b3f491b3b6006bc5b8ee66ea8	k__Bacteria; p__Verrucomicrobia; c__Verrucomicrobiae; o__Verrucomicrobiales; f__Verrucomicrobiaceae; g__Akkermansia; s__muciniphila	0.9999999995138324
8833d66d3bc9c21e118c0f9ba4d2a622	k__Bacteria; p__Firmicutes; c__Clostridia; o__Clostridiales; f__Peptostreptococcaceae	0.7733338378139781
8b42a523bb2443ae888b856b2ad96b0e	k__Bacteria; p__Firmicutes; c__Clostridia; o__Clostridiales; f__Lachnospiraceae; g__Clostridium; s__clostridioforme	0.9873139348786941
3d3261c330729a1efc29f25d49889ddc	k__Bacteria; p__Actinobacteria; c__Actinobacteria; o__Bifidobacteriales; f__Bifidobacteriaceae; g__Bifidobacterium; s__	0.9534240747291497
f33678594bb8c4d2eb6789ce865f9235	k__Bacteria; p__Firmicutes; c__Clostridia; o__Clostridiales; f__Lachnospiraceae; g__Blautia; s__	0.9999923471145655
8f475c92eda64f1e491cf0569660c3e3	k__Bacteria; p__Firmicutes; c__Clostridia; o__Clostridiales; f__; g__; s__	0.9992998784869408
703d3b95ce98f358b5a219a73a893126	k__Bacteria; p__Firmicutes; c__Bacilli; o__Bacillales; f__Planococcaceae; g__Rummeliibacillus; s__	0.924398366918841
c19278633480af7c6c25773e1636a812	k__Archaea; p__Euryarchaeota; c__Methanobacteria; o__Methanobacteriales; f__Methanobacteriaceae; g__Methanobrevibacter; s__	0.9999942632023953
9be2ef3238d6016f389a4b10dd0ba9f4	k__Bacteria; p__Tenericutes; c__Mollicutes; o__RF39; f__; g__; s__	0.9999998570091111
b7c7fb788786140773d34278660cb570	k__Bacteria; p__Firmicutes; c__Clostridia; o__Clostridiales; f__Ruminococcaceae	0.9999629935732022
23f30a13ee24bc628f9ade9906ff74b3	k__Bacteria; p__Firmicutes; c__Bacilli; o__Bacillales; f__Planococcaceae	0.9889235713248465
52b44aec27b1c7dbd58a7fae18e028a2	k__Bacteria; p__Bacteroidetes; c__Bacteroidia; o__Bacteroidales; f__Rikenellaceae; g__Alistipes; s__finegoldii	0.9600534406480845
f0944129e74d1f24c436d84162b3d74b	k__Bacteria; p__Firmicutes; c__Clostridia; o__Clostridiales; f__Veillonellaceae; g__Phascolarctobacterium; s__	0.9999999373515769
fd9ca90aec014335be5e5e2e1e1cdd79	k__Bacteria; p__Bacteroidetes; c__Bacteroidia; o__Bacteroidales; f__Bacteroidaceae; g__Bacteroides; s__	0.9999010192676474
879ef4813d18583f0d2bb0a92d5795bf	k__Bacteria; p__Firmicutes; c__Clostridia; o__Clostridiales; f__Lachnospiraceae; g__Dorea; s__	0.9972845690479868
cbf7dc7b7f00f60d91ce59ec82c0ee62	k__Bacteria; p__Bacteroidetes; c__Bacteroidia; o__Bacteroidales; f__Prevotellaceae; g__Prevotella; s__copri	0.9999984123447616
3c9c378a48ef9ca3df757f59bfa0e06a	k__Bacteria; p__Proteobacteria; c__Alphaproteobacteria; o__RF32; f__; g__; s__	0.9999999981877181
b12af29efd07bcc904c005dd4128c047	k__Bacteria; p__Firmicutes; c__Clostridia; o__Clostridiales; f__Ruminococcaceae; g__Faecalibacterium; s__prausnitzii	0.999969591070336
91829c8eeac6dc9f221559b7c81c7cc8	k__Bacteria; p__Bacteroidetes; c__Bacteroidia; o__Bacteroidales; f__Bacteroidaceae; g__Bacteroides; s__	0.9498270077537885
8b0bc83b04f38c5bf1f5edb984c299de	k__Bacteria; p__Firmicutes; c__Clostridia; o__Clostridiales; f__Ruminococcaceae; g__Oscillospira; s__	0.9462412358045799
c91b40ec910f41baf4b1d5291ab9c721	k__Bacteria; p__Proteobacteria; c__Gammaproteobacteria; o__Enterobacteriales; f__Enterobacteriaceae; g__Providencia; s__	0.9928319690939186
1269bd8f9740125fe9baa4fed94f188e	k__Bacteria; p__Firmicutes; c__Clostridia; o__Clostridiales; f__; g__; s__	0.9997243903344536
f45cd74ee9ab1a46db5eba04b99936cb	k__Bacteria; p__Bacteroidetes; c__Bacteroidia; o__Bacteroidales; f__Rikenellaceae; g__Alistipes; s__indistinctus	0.7046773361724051
050d9d1c576251d7653dd965fd603f58	k__Bacteria; p__Firmicutes; c__Clostridia; o__Clostridiales; f__Ruminococcaceae; g__Oscillospira; s__	0.8084378579002629
1a8c64377f9831070ef133d2004251b4	k__Bacteria; p__Firmicutes; c__Clostridia; o__Clostridiales; f__Ruminococcaceae	0.9999423885705426
8d1a76e90865ea0e345eb9f9345a60e2	k__Bacteria; p__Firmicutes; c__Erysipelotrichi; o__Erysipelotrichales; f__Erysipelotrichaceae; g__; s__	0.999996817690378
b3e1135cb738e713b00fe1a129bacffb	k__Bacteria; p__Firmicutes; c__Clostridia; o__Clostridiales; f__Ruminococcaceae; g__; s__	0.9997863768991737
6a83af788a08573c65908b1980380655	k__Bacteria; p__Firmicutes; c__Clostridia; o__Clostridiales; f__Lachnospiraceae; g__Coprococcus; s__	0.9991167100071461
5f37aba15bda0703396498403016cedd	k__Bacteria; p__Firmicutes; c__Clostridia; o__Clostridiales; f__Ruminococcaceae; g__Ruminococcus; s__	0.9917278291287865
76fec251d13e40ec7684c2710e9f1f24	k__Bacteria; p__Firmicutes; c__Clostridia; o__Clostridiales	0.9999999904993581
87bddbc7695b1f2c5a9fde9b63e98b50	k__Bacteria; p__Firmicutes; c__Clostridia; o__Clostridiales; f__Lachnospiraceae; g__Roseburia; s__faecis	0.869754023576505
c2c644c8a3c5eb0591cb140617f2a865	k__Bacteria; p__Proteobacteria; c__Gammaproteobacteria; o__Enterobacteriales; f__Enterobacteriaceae	0.9999906171687151
a14ebf849b69a71b33c1fcc43ab6f1a5	k__Bacteria; p__Proteobacteria; c__Gammaproteobacteria; o__Pseudomonadales; f__Pseudomonadaceae; g__Pseudomonas	0.7863930054950476
9062a2a53c8a9d03533ddf98a0ddb303	k__Bacteria; p__Firmicutes; c__Clostridia; o__Clostridiales; f__Lachnospiraceae; g__Blautia; s__	0.999402622992543
df68ac5c0b7f52e3adc8a2a771c72094	k__Bacteria; p__Bacteroidetes; c__Bacteroidia; o__Bacteroidales; f__Bacteroidaceae; g__Bacteroides; s__uniformis	0.9951079081829144
9849b8bfedaed6923347d5e967a8d200	k__Bacteria; p__Firmicutes; c__Clostridia; o__Clostridiales; f__Ruminococcaceae; g__Ruminococcus; s__bromii	0.9997919784597847
c1270ae97424da6ad2efe93a0f779a0d	k__Bacteria; p__Firmicutes; c__Clostridia; o__Clostridiales; f__Ruminococcaceae; g__Faecalibacterium; s__prausnitzii	0.9998861334901292
6e9b52ef57349d1df522f8aafe51fad4	k__Bacteria; p__Firmicutes; c__Clostridia; o__Clostridiales; f__Lachnospiraceae; g__; s__	0.7834094493695126
33d70371f6615943f5d03a1166e1200e	k__Bacteria; p__Firmicutes; c__Clostridia; o__Clostridiales; f__Lachnospiraceae; g__Coprococcus; s__eutactus	0.9999994357845339
25cef8e738313df56dded85a4e57dbc5	k__Bacteria; p__Firmicutes; c__Bacilli	0.9999999998567902
611fe51ecebdd946305484949a435a30	k__Bacteria; p__Firmicutes; c__Clostridia; o__Clostridiales; f__Ruminococcaceae; g__Ruminococcus; s__flavefaciens	0.887973951405075
5e162a5134f7525d6a9183774b99230c	k__Bacteria; p__Firmicutes; c__Clostridia; o__Clostridiales; f__Lachnospiraceae; g__Blautia; s__obeum	0.9991452333507181
e481581344c912b84c487dfa1d063412	k__Bacteria; p__Bacteroidetes; c__Bacteroidia; o__Bacteroidales; f__Bacteroidaceae; g__Bacteroides; s__	0.9996015347906753
28fda867177e850c945f847e3313bbbd	k__Bacteria; p__Actinobacteria; c__Actinobacteria; o__Bifidobacteriales; f__Bifidobacteriaceae; g__Bifidobacterium; s__	0.9840688978536071
4b30ad4c6d1cea43b071c2871b49225b	k__Bacteria; p__Firmicutes; c__Bacilli; o__Lactobacillales; f__Lactobacillaceae; g__Lactobacillus; s__zeae	0.9995171352000396
d7217e647378390ab6ddbe5c363fcf35	k__Bacteria; p__Bacteroidetes; c__Bacteroidia; o__Bacteroidales; f__Rikenellaceae	0.9999999888191917
6a3d9af32deabc303e73e6ace82713b2	k__Bacteria; p__Proteobacteria; c__Alphaproteobacteria; o__RF32; f__; g__; s__	0.9999999715269188
b2c22de45a21bc14cff5607ee8344156	k__Bacteria; p__Firmicutes; c__Clostridia; o__Clostridiales; f__Ruminococcaceae; g__; s__	0.7480359423294067
df8f2b73dd38103b309556ad9e8eedf7	k__Bacteria; p__Bacteroidetes; c__Bacteroidia; o__Bacteroidales; f__Rikenellaceae; g__Alistipes; s__onderdonkii	0.9765370839700575
c67429a6b5b7db0206e8491a9ba862a6	k__Bacteria; p__Firmicutes; c__Clostridia; o__Clostridiales; f__Lachnospiraceae; g__Lachnospira; s__	0.9999997426099629
07ca0db2bf8582a081f72bd1d6cb1eed	k__Bacteria; p__Firmicutes; c__Clostridia; o__Clostridiales; f__Lachnospiraceae; g__Blautia; s__	0.999731565387564
24fff9a1465d04c18b13788df228b8bc	k__Bacteria; p__Bacteroidetes; c__Bacteroidia; o__Bacteroidales; f__Bacteroidaceae; g__Bacteroides	0.9999999983145916
d56d767540bb10beff9ebc2ae8a685e7	k__Bacteria; p__Firmicutes; c__Bacilli; o__Turicibacterales; f__Turicibacteraceae; g__Turicibacter; s__	0.9999975773466262
be5830bb60950c5ddf2ac96aace7fa60	k__Bacteria; p__Bacteroidetes; c__Bacteroidia; o__Bacteroidales; f__Bacteroidaceae; g__Bacteroides; s__eggerthii	0.9999877223154071
3ac90fcf7b78a71578ff6da76b059cc6	k__Bacteria; p__Firmicutes; c__Clostridia; o__Clostridiales; f__Lachnospiraceae; g__Coprococcus; s__	0.8513086982453854
4f3c69fa88aa376edffff7a3a5a79194	k__Bacteria; p__Firmicutes; c__Clostridia; o__Clostridiales; f__Clostridiaceae; g__Clostridium; s__celatum	0.7403633855805303
89a9a54ac158ec58c2bafea7fb90c685	k__Bacteria; p__Firmicutes; c__Clostridia; o__Clostridiales; f__Ruminococcaceae; g__Faecalibacterium; s__prausnitzii	0.9999167345322442
149b64a5eb48955b8ff1f1bbe9d8a066	k__Bacteria; p__Firmicutes; c__Clostridia; o__Clostridiales; f__Lachnospiraceae; g__Coprococcus; s__eutactus	0.9999992669796556
857cf5c95a16351b25ed8d5279997e3e	k__Bacteria; p__Firmicutes; c__Clostridia; o__Clostridiales; f__Ruminococcaceae; g__Oscillospira; s__	0.9995400859242622
5f90059cd39bdcef3030310c9621787f	k__Bacteria; p__Firmicutes; c__Clostridia; o__Clostridiales; f__Lachnospiraceae; g__Coprococcus; s__	0.9982481020482274
4ebb813c265e643ff09b761680d92624	k__Bacteria; p__Firmicutes; c__Clostridia; o__Clostridiales; f__Ruminococcaceae; g__; s__	0.8881524769337803
a3d372773752891f6a1fa192af327994	k__Bacteria; p__Firmicutes; c__Clostridia; o__Clostridiales; f__Lachnospiraceae; g__Lachnospira; s__	0.9999273934559738
0410886f68af125d1ae58b5ab40ae05f	k__Bacteria; p__Firmicutes; c__Clostridia; o__Clostridiales; f__Lachnospiraceae; g__Clostridium; s__hathewayi	0.999835351553184
6336afa5857a2a80c16cab125d22fa69	k__Bacteria; p__Firmicutes; c__Clostridia; o__Clostridiales; f__Ruminococcaceae	0.9999935696413076
90ac0c47c42946a92238ce20bf4d08e6	k__Bacteria; p__Firmicutes; c__Bacilli; o__Bacillales	0.9999990143320738
1ae4c97dea2b6c9fd3b15e858a5b4d07	k__Bacteria; p__Firmicutes; c__Clostridia; o__Clostridiales; f__Lachnospiraceae; g__; s__	0.8682089971831318
5e9a9cf5894346ae40421293537c84b0	k__Bacteria; p__Proteobacteria; c__Gammaproteobacteria; o__Pasteurellales; f__Pasteurellaceae; g__Haemophilus; s__parainfluenzae	0.8916872243927244
fba11417a33b1048b8dd668de9fc306f	k__Bacteria; p__Firmicutes; c__Clostridia; o__Clostridiales; f__Lachnospiraceae; g__Lachnobacterium; s__	0.999961991672731
93c9aeb70a1fc8b855e2f2f9cbea7010	k__Bacteria; p__Firmicutes; c__Clostridia; o__Clostridiales; f__Lachnospiraceae; g__Roseburia; s__inulinivorans	0.7421246771484217
a76a09f97b819371e811a47b846c08e3	k__Bacteria; p__Bacteroidetes; c__Bacteroidia; o__Bacteroidales; f__Bacteroidaceae; g__Bacteroides; s__	0.9986272010738142
7b94190a1eba0b37319361a95020e6f4	k__Bacteria; p__Bacteroidetes; c__Bacteroidia; o__Bacteroidales; f__Porphyromonadaceae; g__Parabacteroides; s__distasonis	0.9998031523325511
3709afe3edbfec055042452b856dcccf	k__Bacteria; p__Proteobacteria; c__Gammaproteobacteria; o__Enterobacteriales; f__Enterobacteriaceae	0.9999979838627421
0381153be965e62e229b3a5abb22386a	k__Bacteria; p__Firmicutes; c__Clostridia; o__Clostridiales; f__Veillonellaceae; g__Dialister; s__	0.9999998619425081
ce086aa13d9c234b919dc3e889f0339b	k__Bacteria; p__Bacteroidetes; c__Bacteroidia; o__Bacteroidales; f__Rikenellaceae; g__Alistipes; s__indistinctus	0.999999561781504
568df501483264ad7d76685b5b0d60ce	k__Bacteria; p__Firmicutes; c__Clostridia; o__Clostridiales; f__Ruminococcaceae; g__Oscillospira; s__	0.9309953853042376
ac59c775658a3303d93e948e00847032	k__Bacteria; p__Firmicutes; c__Clostridia; o__Clostridiales; f__Lachnospiraceae; g__Clostridium; s__hathewayi	0.9999352613455891
c41ab14f8b011e346f0dadc7a690b597	k__Bacteria; p__Firmicutes; c__Clostridia; o__Clostridiales; f__Ruminococcaceae	0.9999679436774617
1406882f92d858a47d5c117a5539d073	k__Bacteria; p__Proteobacteria; c__Deltaproteobacteria; o__Desulfovibrionales; f__Desulfovibrionaceae; g__Desulfovibrio; s__	0.9936088873205022
cc14b7ddad07e794283a73f07fd5553f	k__Bacteria; p__Firmicutes; c__Clostridia; o__Clostridiales; f__Lachnospiraceae; g__Roseburia; s__	0.984665271890965
51d1cebaef9fbed545bfd254b6513083	k__Bacteria; p__Firmicutes; c__Clostridia; o__Clostridiales; f__Ruminococcaceae; g__Ruminococcus; s__	0.9971066429937328
e7a7cc6819aaa762a49143322cc3483b	k__Bacteria; p__Firmicutes; c__Clostridia; o__Clostridiales; f__Ruminococcaceae; g__; s__	0.86417946291344
364c546f2c5be302efcb61e4e56b60b9	k__Bacteria; p__Proteobacteria; c__Deltaproteobacteria; o__Desulfovibrionales; f__Desulfovibrionaceae; g__Bilophila; s__	0.9999999269769004
981f4aa35f56a65a805ae31f30437909	k__Bacteria; p__Firmicutes; c__Clostridia; o__Clostridiales; f__Lachnospiraceae	0.8248549880713942
aab666949439bca54247939f566ddcad	k__Bacteria; p__Firmicutes; c__Clostridia; o__Clostridiales; f__Ruminococcaceae; g__Ruminococcus; s__	0.9994520578211957
7cb3f5ebcfd4a953638cdb0e6ef5be7c	k__Bacteria; p__Firmicutes; c__Bacilli; o__Lactobacillales; f__Enterococcaceae; g__Enterococcus	0.8426280692937377
0c6d74d52593a79e02f95138fce5bde4	k__Bacteria; p__Firmicutes; c__Clostridia; o__Clostridiales; f__Lachnospiraceae; g__Blautia; s__	0.9999586871464693
dc955d062fb20ae69aece327e32dfb93	k__Bacteria; p__Firmicutes; c__Clostridia; o__Clostridiales; f__; g__; s__	0.9985424870664747
f57fe39ce64e8c2b6415752d41c9595e	k__Bacteria; p__Firmicutes; c__Clostridia; o__Clostridiales; f__Clostridiaceae; g__Clostridium; s__septicum	0.7949934091602405
8a239f77bf971c5abbd56db663025b50	k__Bacteria; p__Firmicutes; c__Clostridia; o__Clostridiales; f__Veillonellaceae; g__Dialister; s__	0.9999999984517984
059bed64e31fbc55d7c1f19e9837bf5f	k__Bacteria; p__Firmicutes; c__Clostridia; o__Clostridiales; f__Ruminococcaceae; g__Oscillospira; s__	0.9669162293706397
c3b5a233b5f4a4068e2b18c6bb0203a3	k__Bacteria; p__Bacteroidetes; c__Bacteroidia; o__Bacteroidales; f__Rikenellaceae; g__; s__	0.9614737013798001
dfb14758c4c540579fab1f7c989a4249	k__Bacteria; p__Firmicutes; c__Clostridia; o__Clostridiales; f__; g__; s__	0.999674584056357
cc6096ece2c839837d1da779134fa885	k__Bacteria; p__Firmicutes; c__Clostridia; o__Clostridiales; f__Ruminococcaceae; g__Ruminococcus; s__	0.9923592331816623
6b03670ded98bf19c5b770a943fdea2f	k__Bacteria; p__Firmicutes; c__Clostridia; o__Clostridiales	0.9999999825280459
cdb778e3d9a61697fda4ad8d65976333	k__Bacteria; p__Firmicutes; c__Bacilli; o__Lactobacillales; f__Streptococcaceae; g__Streptococcus; s__	0.9998591260380336
dd4969198b3c8c8702a39c54aec10499	k__Bacteria; p__Firmicutes; c__Clostridia; o__Clostridiales; f__Lachnospiraceae; g__; s__	0.9687494649666394
e81a9966fac99a428f4e28c1907a1822	k__Bacteria; p__Bacteroidetes; c__Bacteroidia; o__Bacteroidales; f__Rikenellaceae; g__; s__	0.9976129295744317
b413977a6f2d60b9ca14751bb4ffc249	k__Bacteria; p__Firmicutes; c__Clostridia; o__Clostridiales; f__; g__; s__	0.8736204709010946
96c8e3d65588f96dc2d1245abf2e1e3e	k__Bacteria; p__Firmicutes; c__Clostridia; o__Clostridiales; f__Ruminococcaceae; g__Oscillospira; s__	0.9965003860781954
84e84921debcfda08e4557b4a5a6262f	k__Bacteria; p__Bacteroidetes; c__Bacteroidia; o__Bacteroidales; f__Rikenellaceae; g__; s__	0.9979878669141964
397fb5e60f4791026330e20a61ddd050	k__Bacteria; p__Firmicutes; c__Clostridia; o__Clostridiales; f__Clostridiaceae; g__Clostridium; s__	0.9917466773067822
e7dc62e15e59e1d69c3ed3b07f78c79c	k__Bacteria; p__Bacteroidetes; c__Bacteroidia; o__Bacteroidales; f__Prevotellaceae; g__Prevotella; s__copri	0.8884182134924213
039054e9b9aeede42b5d6dcd141dad55	k__Bacteria; p__Bacteroidetes; c__Bacteroidia; o__Bacteroidales; f__Prevotellaceae; g__Prevotella; s__	0.9992529941309107
8a10a2511a07d4825a0cc3713c940e0e	k__Bacteria; p__Firmicutes; c__Clostridia; o__Clostridiales; f__Ruminococcaceae; g__; s__	0.931864331857646
2c2ff5f860fa0e6a03a14152ce6ce0ce	k__Bacteria; p__Actinobacteria; c__Actinobacteria; o__Actinomycetales; f__Corynebacteriaceae; g__Corynebacterium; s__	0.9883613746920935
9123d1b7f0aca132db4f9e00c96dccc3	k__Bacteria; p__Firmicutes; c__Clostridia; o__Clostridiales; f__Lachnospiraceae; g__Coprococcus; s__	0.9990107094458374
edc2654b4d4288e66fbbbf860a10fbf6	k__Bacteria; p__Firmicutes; c__Clostridia; o__Clostridiales; f__Ruminococcaceae; g__Oscillospira; s__	0.9953446610135079
15df25fbf241cb9501698d218034f926	k__Bacteria; p__Firmicutes; c__Clostridia; o__Clostridiales; f__Christensenellaceae; g__; s__	0.9999874206696207
9a206fe13bb7b53790f17a5a530f816a	k__Bacteria; p__Firmicutes; c__Bacilli; o__Bacillales; f__Bacillaceae; g__Oceanobacillus; s__chironomi	0.7646795732393787
9f155033f172fdf9c67206d89900b68c	k__Bacteria; p__Bacteroidetes; c__Bacteroidia; o__Bacteroidales; f__Prevotellaceae; g__Prevotella; s__	0.9681928334915179
6d54d15e77217c51c5783871b2d5f252	k__Bacteria; p__Tenericutes; c__Mollicutes; o__RF39; f__; g__; s__	0.99999487908516
6640263125974b2df0f4af4afd1063dd	k__Bacteria; p__Firmicutes; c__Clostridia; o__Clostridiales; f__Ruminococcaceae; g__Oscillospira; s__	0.9974997818378507
c89c39509d8b7ea843702fa62806876e	k__Bacteria; p__Firmicutes; c__Clostridia; o__Clostridiales; f__Lachnospiraceae; g__Anaerostipes; s__	0.9981616563998482
f8caf92b3ee11cfd29674e792af1695e	k__Bacteria; p__Actinobacteria; c__Coriobacteriia; o__Coriobacteriales; f__Coriobacteriaceae; g__Collinsella; s__aerofaciens	0.9926346292991793
3dcc8a17abe788187d9cd5cfaaa98341	k__Bacteria	0.9906953253700498
0f0819146810a1b688c632fca4051d70	k__Bacteria; p__Fusobacteria; c__Fusobacteriia; o__Fusobacteriales; f__Fusobacteriaceae; g__; s__	0.8917826434616183
adbf1f851fafadbcc6a5d27b41625939	k__Bacteria; p__Actinobacteria; c__Actinobacteria; o__Actinomycetales; f__Corynebacteriaceae; g__Corynebacterium; s__variabile	0.8755195832017547
bf1667b5af52156d710a9ddc1ba2d4e6	k__Bacteria; p__Actinobacteria; c__Actinobacteria; o__Bifidobacteriales; f__Bifidobacteriaceae; g__Bifidobacterium	0.9994806263751094
16bcd3e4d98267f7b9f25b589ba100c9	k__Bacteria; p__Firmicutes; c__Clostridia; o__Clostridiales; f__Lachnospiraceae; g__Clostridium; s__citroniae	0.9657889932722923
1c8a9578cc88c166d7e5acfae7ed6a75	k__Bacteria; p__Firmicutes; c__Clostridia; o__Clostridiales; f__Lachnospiraceae; g__; s__	0.967553581778772
dd4a4f4f0c2beeb48cbde1ec37461fd8	k__Bacteria; p__Firmicutes; c__Clostridia; o__Clostridiales; f__Lachnospiraceae; g__; s__	0.9443530192765596
8a3fdef6baea065fff720338d9b5e439	k__Bacteria; p__Firmicutes; c__Clostridia; o__Clostridiales; f__Ruminococcaceae	0.9999999986648
550476764a917c0909988f182a4f07d8	k__Bacteria; p__Bacteroidetes; c__Bacteroidia; o__Bacteroidales; f__Bacteroidaceae; g__Bacteroides; s__eggerthii	0.9999689990422094
827151e65512d6289049a8bf61f4ee0b	k__Bacteria; p__Firmicutes; c__Clostridia; o__Clostridiales; f__Lachnospiraceae; g__Anaerostipes; s__	0.99476953936417
13b53dd715bc61b38d574ca1d600aba2	k__Bacteria; p__Firmicutes; c__Bacilli; o__Lactobacillales; f__Lactobacillaceae; g__Lactobacillus	0.9954944192734223
1a4694e9662cf2b16195cf375cf702e3	k__Bacteria; p__Firmicutes; c__Clostridia; o__Clostridiales; f__Ruminococcaceae; g__Oscillospira; s__	0.994706537947394
25cb6a27250aade6033147d009ed6c64	k__Bacteria; p__Bacteroidetes; c__Bacteroidia; o__Bacteroidales; f__[Barnesiellaceae]; g__; s__	0.9986020675726859
d6ec4c43ee621df90d44c9b5da0ea351	k__Bacteria; p__Proteobacteria; c__Betaproteobacteria; o__Burkholderiales; f__Alcaligenaceae; g__Sutterella; s__	0.8726745991273271
28e2e6d2b41b825c4ae2ab437316304b	k__Bacteria; p__Firmicutes; c__Clostridia; o__Clostridiales; f__[Mogibacteriaceae]; g__; s__	0.9999994338551556
df1281eb261a0d77cfc98451a55590fb	k__Bacteria; p__Firmicutes; c__Clostridia; o__Clostridiales; f__; g__; s__	0.9996081955607176
ed5b033246603c98269b570ead784f58	k__Bacteria; p__Tenericutes; c__Mollicutes; o__RF39; f__; g__; s__	0.9999996121363963
d8c969f542437d73cef4fd8005bdcaf8	k__Bacteria; p__Firmicutes; c__Clostridia; o__Clostridiales; f__Christensenellaceae; g__; s__	0.9817540123883413
e5eb1c466a47069b1804b864f2524168	k__Bacteria; p__Firmicutes; c__Clostridia; o__Clostridiales; f__Ruminococcaceae; g__; s__	0.8411006491626408
6722fabb0f59d2d6942dffb65c8ac0c3	k__Bacteria; p__Actinobacteria; c__Actinobacteria; o__Actinomycetales; f__Corynebacteriaceae; g__Corynebacterium; s__	0.9843301954987425
a2e767f5fbdfe6aa8618d5866ce12668	k__Bacteria; p__Firmicutes; c__Clostridia; o__Clostridiales; f__Ruminococcaceae; g__Ruminococcus; s__	0.9935979915440688
5c5a486799a94673305a32dfe6566dff	k__Bacteria; p__Firmicutes; c__Clostridia; o__Clostridiales; f__[Mogibacteriaceae]; g__; s__	0.9995203614206697
e905112769b3c2558b8a3defc6a39f5b	k__Bacteria; p__Proteobacteria; c__Deltaproteobacteria; o__Desulfovibrionales; f__Desulfovibrionaceae; g__Bilophila; s__	0.9999999051367371
49d18c459208aaee84d8569f07dcbeb7	k__Bacteria; p__Firmicutes; c__Erysipelotrichi; o__Erysipelotrichales; f__Erysipelotrichaceae; g__Coprobacillus; s__cateniformis	0.9971020396243189
0677a32afd11e65443b18c0fc4192708	k__Bacteria; p__Firmicutes; c__Clostridia; o__Clostridiales; f__; g__; s__	0.9996087922967415
3fd7b7778fcab0f4d967fc8ac5c4564d	k__Bacteria; p__Proteobacteria; c__Betaproteobacteria; o__Burkholderiales; f__Alcaligenaceae; g__Sutterella; s__	0.9999667197358125
a633c6307d8c9b9d7cc7e751d0cb8afc	k__Bacteria; p__Firmicutes; c__Clostridia; o__Clostridiales; f__Clostridiaceae; g__Clostridium; s__	0.9914627126313835
0817bbd38bcedc2c5e83b94e69301ab8	k__Bacteria; p__Firmicutes; c__Clostridia; o__Clostridiales; f__Christensenellaceae; g__; s__	0.9560196501400435
1a8afbfeac063806937ea33f92ea8945	k__Bacteria; p__Firmicutes; c__Clostridia; o__Clostridiales; f__; g__; s__	0.9206279205953652
fe89f7b053b400e066cbe98313774360	k__Bacteria; p__Proteobacteria; c__Epsilonproteobacteria; o__Campylobacterales; f__Campylobacteraceae; g__Campylobacter; s__	0.9997589023807926
6557e0fa577abdd346c66b3f744ac336	k__Bacteria; p__Firmicutes; c__Clostridia; o__Clostridiales; f__; g__; s__	0.9134878039918907
17084da3da730cce61f577732cc872d3	k__Bacteria; p__Firmicutes; c__Clostridia; o__Clostridiales; f__Ruminococcaceae; g__; s__	0.910295760639189
428a56bb69a0178e44fbe9062f0e6299	k__Bacteria; p__Tenericutes; c__RF3; o__ML615J-28; f__; g__; s__	0.9999765289135224
